"orderNumber","customerEmail","orderDate","amount","currency","category","productName","status"
"ORD-0001-1","ishaan.kapoor.1@gmail.com","2026-05-19","4191","INR","Athleisure","Performance Tee","completed"
"ORD-0001-2","ishaan.kapoor.1@gmail.com","2026-05-08","3939","INR","Athleisure","Performance Tee","completed"
"ORD-0001-3","ishaan.kapoor.1@gmail.com","2026-04-11","3291","INR","Athleisure","Performance Tee","completed"
"ORD-0001-4","ishaan.kapoor.1@gmail.com","2026-03-27","3031","INR","Athleisure","Performance Tee","completed"
"ORD-0001-5","ishaan.kapoor.1@gmail.com","2026-03-06","3751","INR","Athleisure","Ribbed Joggers","completed"
"ORD-0001-6","ishaan.kapoor.1@gmail.com","2026-02-03","3181","INR","Denim","High-Rise Jeans","returned"
"ORD-0001-7","ishaan.kapoor.1@gmail.com","2026-01-19","5909","INR","Athleisure","Oversized Hoodie","completed"
"ORD-0001-8","ishaan.kapoor.1@gmail.com","2025-12-24","5011","INR","Athleisure","Performance Tee","completed"
"ORD-0002-1","meera.saxena.2@gmail.com","2026-04-18","944","INR","Accessories","Gold Hoop Earrings","completed"
"ORD-0002-2","meera.saxena.2@gmail.com","2026-03-30","1552","INR","Accessories","Canvas Tote","completed"
"ORD-0002-3","meera.saxena.2@gmail.com","2026-03-12","1274","INR","Summer Dresses","Floral Wrap Dress","completed"
"ORD-0003-1","dev.rao.3@gmail.com","2026-03-08","1718","INR","Athleisure","Oversized Hoodie","completed"
"ORD-0003-2","dev.rao.3@gmail.com","2026-02-06","1167","INR","Athleisure","Performance Tee","completed"
"ORD-0003-3","dev.rao.3@gmail.com","2026-01-27","904","INR","Athleisure","Oversized Hoodie","completed"
"ORD-0003-4","dev.rao.3@gmail.com","2025-12-31","1007","INR","Athleisure","Performance Tee","completed"
"ORD-0004-1","aarav.nair.4@gmail.com","2025-11-27","2813","INR","Athleisure","Oversized Hoodie","completed"
"ORD-0004-2","aarav.nair.4@gmail.com","2025-11-11","2885","INR","Athleisure","Oversized Hoodie","completed"
"ORD-0004-3","aarav.nair.4@gmail.com","2025-10-24","2540","INR","Accessories","Minimal Belt","completed"
"ORD-0004-4","aarav.nair.4@gmail.com","2025-09-30","2538","INR","Athleisure","Oversized Hoodie","completed"
"ORD-0005-1","diya.kapoor.5@gmail.com","2026-05-21","1873","INR","Accessories","Canvas Tote","completed"
"ORD-0005-2","diya.kapoor.5@gmail.com","2026-05-07","1686","INR","Accessories","Gold Hoop Earrings","completed"
"ORD-0005-3","diya.kapoor.5@gmail.com","2026-04-14","1281","INR","Denim","High-Rise Jeans","completed"
"ORD-0006-1","tara.nair.6@gmail.com","2026-04-27","1206","INR","Athleisure","Ribbed Joggers","completed"
"ORD-0006-2","tara.nair.6@gmail.com","2026-04-01","1878","INR","Summer Dresses","Cotton Sundress","completed"
"ORD-0007-1","aarav.saxena.7@gmail.com","2026-03-07","3654","INR","Denim","High-Rise Jeans","completed"
"ORD-0007-2","aarav.saxena.7@gmail.com","2026-02-17","3035","INR","Accessories","Minimal Belt","completed"
"ORD-0008-1","aarav.saxena.8@gmail.com","2025-12-04","3009","INR","Summer Dresses","Floral Wrap Dress","completed"
"ORD-0008-2","aarav.saxena.8@gmail.com","2025-11-07","4228","INR","Summer Dresses","Linen Midi Dress","completed"
"ORD-0008-3","aarav.saxena.8@gmail.com","2025-10-22","3614","INR","Athleisure","Performance Tee","completed"
"ORD-0008-4","aarav.saxena.8@gmail.com","2025-09-25","6678","INR","Athleisure","Ribbed Joggers","completed"
"ORD-0008-5","aarav.saxena.8@gmail.com","2025-09-02","5042","INR","Summer Dresses","Linen Midi Dress","completed"
"ORD-0008-6","aarav.saxena.8@gmail.com","2025-08-12","3843","INR","Summer Dresses","Cotton Sundress","completed"
"ORD-0008-7","aarav.saxena.8@gmail.com","2025-07-26","6034","INR","Denim","Denim Jacket","completed"
"ORD-0008-8","aarav.saxena.8@gmail.com","2025-07-02","3246","INR","Summer Dresses","Cotton Sundress","completed"
"ORD-0009-1","kabir.menon.9@gmail.com","2026-05-25","1082","INR","Denim","Denim Jacket","completed"
"ORD-0010-1","vivaan.khanna.10@gmail.com","2026-04-22","1645","INR","Summer Dresses","Linen Midi Dress","completed"
"ORD-0010-2","vivaan.khanna.10@gmail.com","2026-03-28","3337","INR","Denim","Denim Jacket","completed"
"ORD-0011-1","arjun.sharma.11@gmail.com","2026-03-10","1047","INR","Athleisure","Ribbed Joggers","returned"
"ORD-0011-2","arjun.sharma.11@gmail.com","2026-02-12","1416","INR","Accessories","Gold Hoop Earrings","completed"
"ORD-0012-1","nisha.mehta.12@gmail.com","2025-11-27","1138","INR","Festive Wear","Silk Dupatta","completed"
"ORD-0012-2","nisha.mehta.12@gmail.com","2025-11-07","1624","INR","Festive Wear","Embroidered Kurta","completed"
"ORD-0013-1","anaya.menon.13@gmail.com","2026-05-26","3210","INR","Denim","Denim Jacket","completed"
"ORD-0013-2","anaya.menon.13@gmail.com","2026-05-07","2304","INR","Festive Wear","Silk Dupatta","completed"
"ORD-0014-1","diya.iyer.14@gmail.com","2026-04-18","1062","INR","Denim","Denim Jacket","completed"
"ORD-0015-1","diya.kapoor.15@gmail.com","2026-03-03","6504","INR","Accessories","Minimal Belt","completed"
"ORD-0015-2","diya.kapoor.15@gmail.com","2026-02-08","3413","INR","Footwear","Kolhapuri Flats","completed"
"ORD-0015-3","diya.kapoor.15@gmail.com","2026-01-25","3611","INR","Accessories","Minimal Belt","completed"
"ORD-0015-4","diya.kapoor.15@gmail.com","2026-01-03","4015","INR","Accessories","Canvas Tote","completed"
"ORD-0015-5","diya.kapoor.15@gmail.com","2025-12-13","4375","INR","Accessories","Minimal Belt","returned"
"ORD-0015-6","diya.kapoor.15@gmail.com","2025-11-14","4349","INR","Accessories","Gold Hoop Earrings","completed"
"ORD-0015-7","diya.kapoor.15@gmail.com","2025-11-04","3751","INR","Festive Wear","Mirrorwork Co-ord","completed"
"ORD-0015-8","diya.kapoor.15@gmail.com","2025-10-14","5444","INR","Accessories","Gold Hoop Earrings","completed"
"ORD-0016-1","nisha.menon.16@gmail.com","2025-12-05","1787","INR","Athleisure","Performance Tee","completed"
"ORD-0016-2","nisha.menon.16@gmail.com","2025-11-05","3327","INR","Accessories","Minimal Belt","completed"
"ORD-0016-3","nisha.menon.16@gmail.com","2025-10-16","1962","INR","Accessories","Minimal Belt","completed"
"ORD-0017-1","tara.menon.17@gmail.com","2026-05-25","1878","INR","Footwear","Block Heel Sandals","completed"
"ORD-0018-1","dev.sharma.18@gmail.com","2026-04-22","1188","INR","Summer Dresses","Cotton Sundress","completed"
"ORD-0018-2","dev.sharma.18@gmail.com","2026-04-07","1231","INR","Summer Dresses","Linen Midi Dress","completed"
"ORD-0019-1","ishaan.rao.19@gmail.com","2026-03-01","3310","INR","Summer Dresses","Floral Wrap Dress","completed"
"ORD-0019-2","ishaan.rao.19@gmail.com","2026-02-12","3316","INR","Summer Dresses","Floral Wrap Dress","completed"
"ORD-0019-3","ishaan.rao.19@gmail.com","2026-01-23","2575","INR","Footwear","Block Heel Sandals","completed"
"ORD-0020-1","meera.rao.20@gmail.com","2025-11-24","1538","INR","Summer Dresses","Linen Midi Dress","returned"
"ORD-0020-2","meera.rao.20@gmail.com","2025-11-05","1052","INR","Festive Wear","Embroidered Kurta","completed"
"ORD-0021-1","ishaan.menon.21@gmail.com","2026-05-26","1229","INR","Accessories","Canvas Tote","completed"
"ORD-0021-2","ishaan.menon.21@gmail.com","2026-05-07","842","INR","Accessories","Gold Hoop Earrings","completed"
"ORD-0021-3","ishaan.menon.21@gmail.com","2026-04-08","1771","INR","Footwear","Block Heel Sandals","completed"
"ORD-0022-1","diya.mehta.22@gmail.com","2026-04-18","3535","INR","Accessories","Gold Hoop Earrings","completed"
"ORD-0022-2","diya.mehta.22@gmail.com","2026-04-04","6596","INR","Footwear","Block Heel Sandals","completed"
"ORD-0022-3","diya.mehta.22@gmail.com","2026-03-08","6471","INR","Accessories","Minimal Belt","completed"
"ORD-0022-4","diya.mehta.22@gmail.com","2026-02-18","3646","INR","Accessories","Gold Hoop Earrings","completed"
"ORD-0022-5","diya.mehta.22@gmail.com","2026-02-01","6030","INR","Accessories","Canvas Tote","completed"
"ORD-0022-6","diya.mehta.22@gmail.com","2026-01-11","3453","INR","Accessories","Minimal Belt","completed"
"ORD-0022-7","diya.mehta.22@gmail.com","2025-12-19","4447","INR","Accessories","Canvas Tote","completed"
"ORD-0022-8","diya.mehta.22@gmail.com","2025-12-02","6435","INR","Denim","Straight Fit Jeans","completed"
"ORD-0023-1","tara.sharma.23@gmail.com","2026-03-01","1843","INR","Athleisure","Performance Tee","completed"
"ORD-0023-2","tara.sharma.23@gmail.com","2026-02-14","1478","INR","Denim","Straight Fit Jeans","completed"
"ORD-0023-3","tara.sharma.23@gmail.com","2026-01-20","975","INR","Summer Dresses","Linen Midi Dress","completed"
"ORD-0023-4","tara.sharma.23@gmail.com","2026-01-03","930","INR","Denim","Straight Fit Jeans","completed"
"ORD-0024-1","dev.iyer.24@gmail.com","2025-12-03","1657","INR","Summer Dresses","Cotton Sundress","completed"
"ORD-0024-2","dev.iyer.24@gmail.com","2025-11-03","1380","INR","Footwear","Kolhapuri Flats","completed"
"ORD-0024-3","dev.iyer.24@gmail.com","2025-10-18","893","INR","Footwear","Kolhapuri Flats","completed"
"ORD-0025-1","anaya.nair.25@gmail.com","2026-05-30","1728","INR","Summer Dresses","Cotton Sundress","returned"
"ORD-0025-2","anaya.nair.25@gmail.com","2026-05-04","2890","INR","Summer Dresses","Linen Midi Dress","completed"
"ORD-0025-3","anaya.nair.25@gmail.com","2026-04-17","2668","INR","Summer Dresses","Linen Midi Dress","completed"
"ORD-0026-1","anaya.menon.26@gmail.com","2026-04-29","1738","INR","Summer Dresses","Cotton Sundress","completed"
"ORD-0026-2","anaya.menon.26@gmail.com","2026-03-30","1344","INR","Denim","High-Rise Jeans","completed"
"ORD-0026-3","anaya.menon.26@gmail.com","2026-03-15","1368","INR","Summer Dresses","Floral Wrap Dress","completed"
"ORD-0027-1","nisha.saxena.27@gmail.com","2026-02-27","1892","INR","Festive Wear","Silk Dupatta","completed"
"ORD-0027-2","nisha.saxena.27@gmail.com","2026-02-07","1072","INR","Festive Wear","Embroidered Kurta","completed"
"ORD-0027-3","nisha.saxena.27@gmail.com","2026-01-16","1249","INR","Footwear","Kolhapuri Flats","completed"
"ORD-0028-1","anaya.iyer.28@gmail.com","2025-11-24","2691","INR","Athleisure","Ribbed Joggers","completed"
"ORD-0028-2","anaya.iyer.28@gmail.com","2025-11-03","3073","INR","Athleisure","Oversized Hoodie","completed"
"ORD-0028-3","anaya.iyer.28@gmail.com","2025-10-19","3171","INR","Summer Dresses","Floral Wrap Dress","completed"
"ORD-0029-1","arjun.rao.29@gmail.com","2026-05-29","3401","INR","Summer Dresses","Cotton Sundress","completed"
"ORD-0029-2","arjun.rao.29@gmail.com","2026-05-04","5042","INR","Summer Dresses","Floral Wrap Dress","completed"
"ORD-0029-3","arjun.rao.29@gmail.com","2026-04-14","6618","INR","Summer Dresses","Linen Midi Dress","completed"
"ORD-0029-4","arjun.rao.29@gmail.com","2026-03-23","5027","INR","Summer Dresses","Floral Wrap Dress","returned"
"ORD-0029-5","arjun.rao.29@gmail.com","2026-02-26","6490","INR","Denim","Denim Jacket","completed"
"ORD-0029-6","arjun.rao.29@gmail.com","2026-02-11","4190","INR","Summer Dresses","Linen Midi Dress","completed"
"ORD-0029-7","arjun.rao.29@gmail.com","2026-01-23","6567","INR","Summer Dresses","Floral Wrap Dress","completed"
"ORD-0029-8","arjun.rao.29@gmail.com","2025-12-25","3044","INR","Summer Dresses","Floral Wrap Dress","completed"
"ORD-0030-1","kabir.menon.30@gmail.com","2026-04-27","1010","INR","Summer Dresses","Cotton Sundress","completed"
"ORD-0031-1","aarav.menon.31@gmail.com","2026-03-05","3107","INR","Denim","Straight Fit Jeans","completed"
"ORD-0031-2","aarav.menon.31@gmail.com","2026-02-08","2053","INR","Athleisure","Oversized Hoodie","completed"
"ORD-0031-3","aarav.menon.31@gmail.com","2026-01-16","1657","INR","Athleisure","Ribbed Joggers","completed"
"ORD-0032-1","dev.iyer.32@gmail.com","2025-11-25","1720","INR","Denim","Denim Jacket","completed"
"ORD-0032-2","dev.iyer.32@gmail.com","2025-11-09","1442","INR","Accessories","Minimal Belt","completed"
"ORD-0033-1","riya.mehta.33@gmail.com","2026-05-22","1550","INR","Athleisure","Performance Tee","returned"
"ORD-0034-1","arjun.saxena.34@gmail.com","2026-04-28","2281","INR","Accessories","Minimal Belt","returned"
"ORD-0034-2","arjun.saxena.34@gmail.com","2026-04-03","3242","INR","Accessories","Minimal Belt","returned"
"ORD-0034-3","arjun.saxena.34@gmail.com","2026-03-10","1752","INR","Accessories","Canvas Tote","completed"
"ORD-0034-4","arjun.saxena.34@gmail.com","2026-02-20","1887","INR","Accessories","Gold Hoop Earrings","completed"
"ORD-0035-1","arjun.mehta.35@gmail.com","2026-02-28","1695","INR","Accessories","Minimal Belt","completed"
"ORD-0035-2","arjun.mehta.35@gmail.com","2026-02-07","1599","INR","Accessories","Gold Hoop Earrings","completed"
"ORD-0036-1","aarav.mehta.36@gmail.com","2025-11-27","5743","INR","Footwear","Kolhapuri Flats","completed"
"ORD-0036-2","aarav.mehta.36@gmail.com","2025-11-05","4725","INR","Summer Dresses","Cotton Sundress","completed"
"ORD-0036-3","aarav.mehta.36@gmail.com","2025-10-18","4810","INR","Denim","High-Rise Jeans","completed"
"ORD-0036-4","aarav.mehta.36@gmail.com","2025-09-25","2968","INR","Accessories","Minimal Belt","completed"
"ORD-0036-5","aarav.mehta.36@gmail.com","2025-09-01","3400","INR","Accessories","Minimal Belt","completed"
"ORD-0036-6","aarav.mehta.36@gmail.com","2025-08-16","3936","INR","Accessories","Minimal Belt","completed"
"ORD-0036-7","aarav.mehta.36@gmail.com","2025-07-31","3761","INR","Athleisure","Oversized Hoodie","completed"
"ORD-0036-8","aarav.mehta.36@gmail.com","2025-07-06","6599","INR","Accessories","Minimal Belt","completed"
"ORD-0037-1","tara.mehta.37@gmail.com","2026-05-21","3035","INR","Accessories","Minimal Belt","completed"
"ORD-0037-2","tara.mehta.37@gmail.com","2026-05-08","2644","INR","Accessories","Canvas Tote","completed"
"ORD-0038-1","kabir.kapoor.38@gmail.com","2026-04-24","1892","INR","Festive Wear","Embroidered Kurta","completed"
"ORD-0038-2","kabir.kapoor.38@gmail.com","2026-04-04","1334","INR","Footwear","Kolhapuri Flats","completed"
"ORD-0038-3","kabir.kapoor.38@gmail.com","2026-03-15","934","INR","Footwear","White Sneakers","completed"
"ORD-0039-1","dev.mehta.39@gmail.com","2026-02-28","1298","INR","Festive Wear","Mirrorwork Co-ord","completed"
"ORD-0039-2","dev.mehta.39@gmail.com","2026-02-16","1230","INR","Festive Wear","Mirrorwork Co-ord","completed"
"ORD-0040-1","anaya.menon.40@gmail.com","2025-11-30","3285","INR","Festive Wear","Embroidered Kurta","completed"
"ORD-0041-1","meera.saxena.41@gmail.com","2026-05-22","1098","INR","Footwear","Block Heel Sandals","completed"
"ORD-0042-1","ishaan.mehta.42@gmail.com","2026-04-19","1477","INR","Accessories","Gold Hoop Earrings","completed"
"ORD-0042-2","ishaan.mehta.42@gmail.com","2026-04-08","1021","INR","Accessories","Gold Hoop Earrings","returned"
"ORD-0042-3","ishaan.mehta.42@gmail.com","2026-03-08","1282","INR","Accessories","Gold Hoop Earrings","completed"
"ORD-0043-1","diya.saxena.43@gmail.com","2026-03-08","3468","INR","Denim","Straight Fit Jeans","returned"
"ORD-0043-2","diya.saxena.43@gmail.com","2026-02-12","6188","INR","Denim","High-Rise Jeans","completed"
"ORD-0043-3","diya.saxena.43@gmail.com","2026-01-18","4188","INR","Denim","Straight Fit Jeans","completed"
"ORD-0043-4","diya.saxena.43@gmail.com","2025-12-29","5530","INR","Festive Wear","Embroidered Kurta","completed"
"ORD-0043-5","diya.saxena.43@gmail.com","2025-12-08","3659","INR","Denim","Denim Jacket","completed"
"ORD-0044-1","anaya.bose.44@gmail.com","2025-11-25","1718","INR","Accessories","Minimal Belt","completed"
"ORD-0044-2","anaya.bose.44@gmail.com","2025-11-09","1453","INR","Summer Dresses","Cotton Sundress","completed"
"ORD-0045-1","tara.kapoor.45@gmail.com","2026-05-22","914","INR","Athleisure","Ribbed Joggers","completed"
"ORD-0045-2","tara.kapoor.45@gmail.com","2026-05-04","1344","INR","Festive Wear","Silk Dupatta","completed"
"ORD-0045-3","tara.kapoor.45@gmail.com","2026-04-09","1734","INR","Festive Wear","Embroidered Kurta","completed"
"ORD-0045-4","tara.kapoor.45@gmail.com","2026-03-20","1289","INR","Festive Wear","Embroidered Kurta","completed"
"ORD-0046-1","nisha.bose.46@gmail.com","2026-04-25","2311","INR","Denim","Straight Fit Jeans","completed"
"ORD-0046-2","nisha.bose.46@gmail.com","2026-04-05","2807","INR","Denim","High-Rise Jeans","completed"
"ORD-0047-1","vivaan.saxena.47@gmail.com","2026-03-08","1292","INR","Athleisure","Ribbed Joggers","completed"
"ORD-0047-2","vivaan.saxena.47@gmail.com","2026-02-16","870","INR","Footwear","White Sneakers","completed"
"ORD-0048-1","tara.khanna.48@gmail.com","2025-11-30","1553","INR","Accessories","Gold Hoop Earrings","completed"
"ORD-0048-2","tara.khanna.48@gmail.com","2025-11-03","1374","INR","Accessories","Minimal Belt","completed"
"ORD-0048-3","tara.khanna.48@gmail.com","2025-10-22","1265","INR","Accessories","Minimal Belt","completed"
"ORD-0049-1","ishaan.nair.49@gmail.com","2026-05-20","2172","INR","Denim","Denim Jacket","completed"
"ORD-0049-2","ishaan.nair.49@gmail.com","2026-05-05","3086","INR","Denim","Straight Fit Jeans","completed"
"ORD-0049-3","ishaan.nair.49@gmail.com","2026-04-17","3475","INR","Athleisure","Performance Tee","completed"
"ORD-0049-4","ishaan.nair.49@gmail.com","2026-03-17","3170","INR","Denim","High-Rise Jeans","completed"
"ORD-0050-1","diya.kapoor.50@gmail.com","2026-04-28","4394","INR","Denim","Denim Jacket","completed"
"ORD-0050-2","diya.kapoor.50@gmail.com","2026-04-08","3256","INR","Denim","Straight Fit Jeans","completed"
"ORD-0050-3","diya.kapoor.50@gmail.com","2026-03-13","5843","INR","Athleisure","Performance Tee","completed"
"ORD-0050-4","diya.kapoor.50@gmail.com","2026-02-25","4130","INR","Denim","Straight Fit Jeans","completed"
"ORD-0050-5","diya.kapoor.50@gmail.com","2026-02-03","4511","INR","Denim","High-Rise Jeans","completed"
"ORD-0050-6","diya.kapoor.50@gmail.com","2026-01-13","2963","INR","Athleisure","Performance Tee","completed"
"ORD-0050-7","diya.kapoor.50@gmail.com","2025-12-21","6187","INR","Denim","High-Rise Jeans","completed"
"ORD-0050-8","diya.kapoor.50@gmail.com","2025-12-02","4174","INR","Footwear","Kolhapuri Flats","completed"
"ORD-0051-1","nisha.kapoor.51@gmail.com","2026-02-28","1135","INR","Accessories","Minimal Belt","completed"
"ORD-0051-2","nisha.kapoor.51@gmail.com","2026-02-11","1888","INR","Accessories","Gold Hoop Earrings","completed"
"ORD-0052-1","ishaan.saxena.52@gmail.com","2025-11-27","3262","INR","Denim","High-Rise Jeans","completed"
"ORD-0052-2","ishaan.saxena.52@gmail.com","2025-11-10","3341","INR","Denim","High-Rise Jeans","completed"
"ORD-0053-1","nisha.iyer.53@gmail.com","2026-05-21","1689","INR","Festive Wear","Silk Dupatta","completed"
"ORD-0054-1","vivaan.sharma.54@gmail.com","2026-04-22","1602","INR","Denim","Straight Fit Jeans","completed"
"ORD-0054-2","vivaan.sharma.54@gmail.com","2026-04-04","1109","INR","Denim","Straight Fit Jeans","completed"
"ORD-0054-3","vivaan.sharma.54@gmail.com","2026-03-10","1365","INR","Denim","Straight Fit Jeans","completed"
"ORD-0055-1","meera.khanna.55@gmail.com","2026-03-05","2702","INR","Summer Dresses","Linen Midi Dress","completed"
"ORD-0055-2","meera.khanna.55@gmail.com","2026-02-06","3600","INR","Festive Wear","Mirrorwork Co-ord","completed"
"ORD-0055-3","meera.khanna.55@gmail.com","2026-01-17","2957","INR","Denim","Denim Jacket","completed"
"ORD-0055-4","meera.khanna.55@gmail.com","2026-01-02","3472","INR","Denim","Denim Jacket","completed"
"ORD-0056-1","riya.iyer.56@gmail.com","2025-12-03","1568","INR","Festive Wear","Silk Dupatta","completed"
"ORD-0057-1","vivaan.bose.57@gmail.com","2026-05-21","5864","INR","Denim","Straight Fit Jeans","completed"
"ORD-0057-2","vivaan.bose.57@gmail.com","2026-05-02","3957","INR","Denim","Straight Fit Jeans","completed"
"ORD-0057-3","vivaan.bose.57@gmail.com","2026-04-14","6070","INR","Denim","Straight Fit Jeans","completed"
"ORD-0057-4","vivaan.bose.57@gmail.com","2026-03-24","3810","INR","Summer Dresses","Linen Midi Dress","completed"
"ORD-0057-5","vivaan.bose.57@gmail.com","2026-03-05","4417","INR","Denim","High-Rise Jeans","completed"
"ORD-0057-6","vivaan.bose.57@gmail.com","2026-02-07","5984","INR","Denim","High-Rise Jeans","completed"
"ORD-0057-7","vivaan.bose.57@gmail.com","2026-01-17","3719","INR","Summer Dresses","Linen Midi Dress","completed"
"ORD-0057-8","vivaan.bose.57@gmail.com","2025-12-24","6477","INR","Denim","High-Rise Jeans","completed"
"ORD-0058-1","diya.sharma.58@gmail.com","2026-04-29","2256","INR","Athleisure","Ribbed Joggers","completed"
"ORD-0058-2","diya.sharma.58@gmail.com","2026-04-06","2321","INR","Denim","High-Rise Jeans","completed"
"ORD-0058-3","diya.sharma.58@gmail.com","2026-03-07","2220","INR","Summer Dresses","Floral Wrap Dress","completed"
"ORD-0058-4","diya.sharma.58@gmail.com","2026-02-15","2042","INR","Athleisure","Performance Tee","completed"
"ORD-0059-1","meera.iyer.59@gmail.com","2026-03-03","1229","INR","Festive Wear","Embroidered Kurta","completed"
"ORD-0059-2","meera.iyer.59@gmail.com","2026-02-11","1162","INR","Festive Wear","Mirrorwork Co-ord","completed"
"ORD-0059-3","meera.iyer.59@gmail.com","2026-01-16","925","INR","Summer Dresses","Cotton Sundress","completed"
"ORD-0060-1","riya.kapoor.60@gmail.com","2025-11-26","1685","INR","Denim","Straight Fit Jeans","completed"
"ORD-0060-2","riya.kapoor.60@gmail.com","2025-11-04","1160","INR","Festive Wear","Embroidered Kurta","completed"
"ORD-0060-3","riya.kapoor.60@gmail.com","2025-10-23","1734","INR","Footwear","White Sneakers","completed"
"ORD-0061-1","aarav.kapoor.61@gmail.com","2026-05-24","3291","INR","Footwear","White Sneakers","completed"
"ORD-0061-2","aarav.kapoor.61@gmail.com","2026-04-29","2795","INR","Footwear","Block Heel Sandals","completed"
"ORD-0062-1","arjun.menon.62@gmail.com","2026-04-27","1404","INR","Summer Dresses","Linen Midi Dress","completed"
"ORD-0062-2","arjun.menon.62@gmail.com","2026-04-03","1749","INR","Accessories","Canvas Tote","completed"
"ORD-0062-3","arjun.menon.62@gmail.com","2026-03-07","1550","INR","Festive Wear","Silk Dupatta","completed"
"ORD-0063-1","dev.khanna.63@gmail.com","2026-03-09","1653","INR","Accessories","Canvas Tote","completed"
"ORD-0063-2","dev.khanna.63@gmail.com","2026-02-09","1340","INR","Footwear","Block Heel Sandals","completed"
"ORD-0064-1","arjun.sharma.64@gmail.com","2025-11-29","6443","INR","Summer Dresses","Cotton Sundress","completed"
"ORD-0064-2","arjun.sharma.64@gmail.com","2025-11-10","6608","INR","Denim","High-Rise Jeans","completed"
"ORD-0064-3","arjun.sharma.64@gmail.com","2025-10-20","5798","INR","Summer Dresses","Cotton Sundress","completed"
"ORD-0064-4","arjun.sharma.64@gmail.com","2025-10-02","4824","INR","Summer Dresses","Linen Midi Dress","completed"
"ORD-0064-5","arjun.sharma.64@gmail.com","2025-09-03","3582","INR","Summer Dresses","Linen Midi Dress","completed"
"ORD-0065-1","vivaan.sharma.65@gmail.com","2026-05-25","1090","INR","Festive Wear","Silk Dupatta","completed"
"ORD-0065-2","vivaan.sharma.65@gmail.com","2026-05-08","1400","INR","Festive Wear","Mirrorwork Co-ord","completed"
"ORD-0066-1","kabir.nair.66@gmail.com","2026-04-27","1227","INR","Summer Dresses","Linen Midi Dress","completed"
"ORD-0066-2","kabir.nair.66@gmail.com","2026-04-05","1223","INR","Summer Dresses","Cotton Sundress","returned"
"ORD-0066-3","kabir.nair.66@gmail.com","2026-03-08","970","INR","Summer Dresses","Cotton Sundress","completed"
"ORD-0067-1","arjun.kapoor.67@gmail.com","2026-03-08","3044","INR","Summer Dresses","Linen Midi Dress","completed"
"ORD-0068-1","anaya.rao.68@gmail.com","2025-12-01","1506","INR","Festive Wear","Silk Dupatta","completed"
"ORD-0068-2","anaya.rao.68@gmail.com","2025-11-14","1570","INR","Footwear","Block Heel Sandals","completed"
"ORD-0069-1","riya.bose.69@gmail.com","2026-05-28","1555","INR","Denim","High-Rise Jeans","completed"
"ORD-0069-2","riya.bose.69@gmail.com","2026-05-07","1901","INR","Festive Wear","Embroidered Kurta","completed"
"ORD-0070-1","kabir.khanna.70@gmail.com","2026-04-28","2270","INR","Footwear","White Sneakers","completed"
"ORD-0070-2","kabir.khanna.70@gmail.com","2026-03-28","3390","INR","Festive Wear","Silk Dupatta","returned"
"ORD-0070-3","kabir.khanna.70@gmail.com","2026-03-17","3564","INR","Footwear","White Sneakers","completed"
"ORD-0070-4","kabir.khanna.70@gmail.com","2026-02-24","2811","INR","Footwear","White Sneakers","completed"
"ORD-0071-1","meera.nair.71@gmail.com","2026-03-07","5267","INR","Accessories","Gold Hoop Earrings","completed"
"ORD-0071-2","meera.nair.71@gmail.com","2026-02-06","5507","INR","Accessories","Minimal Belt","completed"
"ORD-0071-3","meera.nair.71@gmail.com","2026-01-21","4460","INR","Festive Wear","Embroidered Kurta","completed"
"ORD-0071-4","meera.nair.71@gmail.com","2025-12-31","4499","INR","Accessories","Gold Hoop Earrings","completed"
"ORD-0071-5","meera.nair.71@gmail.com","2025-12-15","4857","INR","Accessories","Canvas Tote","completed"
"ORD-0071-6","meera.nair.71@gmail.com","2025-11-18","4572","INR","Denim","High-Rise Jeans","completed"
"ORD-0071-7","meera.nair.71@gmail.com","2025-10-27","5934","INR","Athleisure","Oversized Hoodie","completed"
"ORD-0071-8","meera.nair.71@gmail.com","2025-10-12","3143","INR","Footwear","Block Heel Sandals","completed"
"ORD-0072-1","dev.kapoor.72@gmail.com","2025-11-24","1150","INR","Denim","Denim Jacket","completed"
"ORD-0072-2","dev.kapoor.72@gmail.com","2025-11-08","1260","INR","Denim","Straight Fit Jeans","completed"
"ORD-0073-1","meera.bose.73@gmail.com","2026-05-30","2073","INR","Accessories","Gold Hoop Earrings","completed"
"ORD-0073-2","meera.bose.73@gmail.com","2026-05-04","1613","INR","Accessories","Minimal Belt","completed"
"ORD-0073-3","meera.bose.73@gmail.com","2026-04-18","2784","INR","Accessories","Gold Hoop Earrings","completed"
"ORD-0074-1","riya.khanna.74@gmail.com","2026-04-27","1530","INR","Accessories","Canvas Tote","completed"
"ORD-0074-2","riya.khanna.74@gmail.com","2026-03-29","1874","INR","Denim","Denim Jacket","completed"
"ORD-0074-3","riya.khanna.74@gmail.com","2026-03-07","1447","INR","Summer Dresses","Floral Wrap Dress","completed"
"ORD-0075-1","nisha.kapoor.75@gmail.com","2026-02-27","1790","INR","Footwear","Block Heel Sandals","completed"
"ORD-0075-2","nisha.kapoor.75@gmail.com","2026-02-08","1240","INR","Summer Dresses","Linen Midi Dress","completed"
"ORD-0075-3","nisha.kapoor.75@gmail.com","2026-01-22","1159","INR","Summer Dresses","Cotton Sundress","completed"
"ORD-0076-1","ishaan.iyer.76@gmail.com","2025-11-30","2837","INR","Accessories","Minimal Belt","completed"
"ORD-0076-2","ishaan.iyer.76@gmail.com","2025-11-05","2643","INR","Festive Wear","Mirrorwork Co-ord","completed"
"ORD-0076-3","ishaan.iyer.76@gmail.com","2025-10-14","1905","INR","Festive Wear","Embroidered Kurta","completed"
"ORD-0077-1","kabir.saxena.77@gmail.com","2026-05-23","1245","INR","Accessories","Canvas Tote","completed"
"ORD-0077-2","kabir.saxena.77@gmail.com","2026-05-03","1560","INR","Accessories","Gold Hoop Earrings","completed"
"ORD-0077-3","kabir.saxena.77@gmail.com","2026-04-14","1069","INR","Accessories","Minimal Belt","completed"
"ORD-0078-1","tara.saxena.78@gmail.com","2026-04-22","5630","INR","Summer Dresses","Floral Wrap Dress","completed"
"ORD-0078-2","tara.saxena.78@gmail.com","2026-04-04","3864","INR","Festive Wear","Embroidered Kurta","completed"
"ORD-0078-3","tara.saxena.78@gmail.com","2026-03-09","6099","INR","Festive Wear","Silk Dupatta","completed"
"ORD-0078-4","tara.saxena.78@gmail.com","2026-02-15","5120","INR","Denim","High-Rise Jeans","completed"
"ORD-0078-5","tara.saxena.78@gmail.com","2026-01-25","3287","INR","Festive Wear","Silk Dupatta","completed"
"ORD-0079-1","ishaan.rao.79@gmail.com","2026-03-09","1980","INR","Summer Dresses","Floral Wrap Dress","completed"
"ORD-0080-1","diya.bose.80@gmail.com","2025-12-05","1857","INR","Athleisure","Performance Tee","completed"
"ORD-0080-2","diya.bose.80@gmail.com","2025-11-05","1829","INR","Accessories","Gold Hoop Earrings","completed"
"ORD-0080-3","diya.bose.80@gmail.com","2025-10-14","1681","INR","Athleisure","Oversized Hoodie","completed"
"ORD-0081-1","ishaan.khanna.81@gmail.com","2026-05-27","1312","INR","Summer Dresses","Floral Wrap Dress","completed"
"ORD-0081-2","ishaan.khanna.81@gmail.com","2026-05-03","1759","INR","Festive Wear","Embroidered Kurta","completed"
"ORD-0081-3","ishaan.khanna.81@gmail.com","2026-04-14","1069","INR","Athleisure","Oversized Hoodie","completed"
"ORD-0082-1","riya.menon.82@gmail.com","2026-04-23","3633","INR","Denim","High-Rise Jeans","completed"
"ORD-0082-2","riya.menon.82@gmail.com","2026-04-04","2100","INR","Denim","Straight Fit Jeans","completed"
"ORD-0083-1","tara.mehta.83@gmail.com","2026-03-06","1849","INR","Footwear","Kolhapuri Flats","completed"
"ORD-0084-1","arjun.sharma.84@gmail.com","2025-12-05","1765","INR","Footwear","Kolhapuri Flats","completed"
"ORD-0084-2","arjun.sharma.84@gmail.com","2025-11-06","843","INR","Summer Dresses","Linen Midi Dress","completed"
"ORD-0084-3","arjun.sharma.84@gmail.com","2025-10-18","1541","INR","Festive Wear","Mirrorwork Co-ord","completed"
"ORD-0084-4","arjun.sharma.84@gmail.com","2025-09-25","1612","INR","Footwear","Kolhapuri Flats","completed"
"ORD-0085-1","arjun.mehta.85@gmail.com","2026-05-22","5666","INR","Summer Dresses","Linen Midi Dress","completed"
"ORD-0085-2","arjun.mehta.85@gmail.com","2026-05-09","6530","INR","Denim","High-Rise Jeans","completed"
"ORD-0085-3","arjun.mehta.85@gmail.com","2026-04-11","4820","INR","Denim","Denim Jacket","completed"
"ORD-0085-4","arjun.mehta.85@gmail.com","2026-03-20","5889","INR","Athleisure","Performance Tee","completed"
"ORD-0085-5","arjun.mehta.85@gmail.com","2026-02-26","5036","INR","Denim","Straight Fit Jeans","completed"
"ORD-0086-1","arjun.khanna.86@gmail.com","2026-04-29","1196","INR","Footwear","Block Heel Sandals","completed"
"ORD-0087-1","tara.nair.87@gmail.com","2026-03-08","980","INR","Festive Wear","Mirrorwork Co-ord","completed"
"ORD-0087-2","tara.nair.87@gmail.com","2026-02-13","1103","INR","Accessories","Minimal Belt","completed"
"ORD-0088-1","meera.saxena.88@gmail.com","2025-12-04","3586","INR","Summer Dresses","Cotton Sundress","completed"
"ORD-0089-1","dev.menon.89@gmail.com","2026-05-22","1613","INR","Denim","Denim Jacket","completed"
"ORD-0089-2","dev.menon.89@gmail.com","2026-04-29","1335","INR","Footwear","White Sneakers","completed"
"ORD-0090-1","kabir.menon.90@gmail.com","2026-04-27","1762","INR","Denim","Straight Fit Jeans","completed"
"ORD-0090-2","kabir.menon.90@gmail.com","2026-04-03","1733","INR","Denim","Straight Fit Jeans","completed"
"ORD-0090-3","kabir.menon.90@gmail.com","2026-03-07","1068","INR","Festive Wear","Embroidered Kurta","completed"
"ORD-0091-1","diya.iyer.91@gmail.com","2026-03-04","3610","INR","Accessories","Canvas Tote","completed"
"ORD-0091-2","diya.iyer.91@gmail.com","2026-02-07","1973","INR","Accessories","Minimal Belt","completed"
"ORD-0091-3","diya.iyer.91@gmail.com","2026-01-22","1985","INR","Accessories","Gold Hoop Earrings","completed"
"ORD-0091-4","diya.iyer.91@gmail.com","2026-01-03","2884","INR","Festive Wear","Embroidered Kurta","completed"
"ORD-0092-1","arjun.sharma.92@gmail.com","2025-11-27","3027","INR","Accessories","Canvas Tote","completed"
"ORD-0092-2","arjun.sharma.92@gmail.com","2025-11-05","3549","INR","Accessories","Minimal Belt","completed"
"ORD-0092-3","arjun.sharma.92@gmail.com","2025-10-15","6507","INR","Denim","Straight Fit Jeans","completed"
"ORD-0092-4","arjun.sharma.92@gmail.com","2025-10-01","6497","INR","Accessories","Minimal Belt","completed"
"ORD-0092-5","arjun.sharma.92@gmail.com","2025-09-03","5907","INR","Accessories","Gold Hoop Earrings","completed"
"ORD-0093-1","tara.rao.93@gmail.com","2026-05-20","1313","INR","Summer Dresses","Floral Wrap Dress","completed"
"ORD-0093-2","tara.rao.93@gmail.com","2026-04-29","966","INR","Summer Dresses","Cotton Sundress","completed"
"ORD-0093-3","tara.rao.93@gmail.com","2026-04-17","1019","INR","Summer Dresses","Linen Midi Dress","completed"
"ORD-0094-1","ishaan.kapoor.94@gmail.com","2026-04-22","2592","INR","Footwear","Block Heel Sandals","completed"
"ORD-0095-1","nisha.iyer.95@gmail.com","2026-03-04","1380","INR","Denim","Straight Fit Jeans","completed"
"ORD-0095-2","nisha.iyer.95@gmail.com","2026-02-08","847","INR","Athleisure","Oversized Hoodie","completed"
"ORD-0096-1","vivaan.mehta.96@gmail.com","2025-12-02","921","INR","Footwear","Kolhapuri Flats","completed"
"ORD-0096-2","vivaan.mehta.96@gmail.com","2025-11-12","1199","INR","Footwear","White Sneakers","completed"
"ORD-0096-3","vivaan.mehta.96@gmail.com","2025-10-14","1640","INR","Footwear","Block Heel Sandals","completed"
"ORD-0097-1","ishaan.rao.97@gmail.com","2026-05-19","3402","INR","Athleisure","Oversized Hoodie","completed"
"ORD-0097-2","ishaan.rao.97@gmail.com","2026-05-04","2847","INR","Athleisure","Ribbed Joggers","completed"
"ORD-0097-3","ishaan.rao.97@gmail.com","2026-04-17","1738","INR","Summer Dresses","Linen Midi Dress","completed"
"ORD-0097-4","ishaan.rao.97@gmail.com","2026-03-21","3674","INR","Athleisure","Ribbed Joggers","completed"
"ORD-0098-1","tara.bose.98@gmail.com","2026-04-25","1329","INR","Athleisure","Ribbed Joggers","completed"
"ORD-0098-2","tara.bose.98@gmail.com","2026-04-08","960","INR","Summer Dresses","Linen Midi Dress","completed"
"ORD-0099-1","riya.khanna.99@gmail.com","2026-03-05","6015","INR","Festive Wear","Silk Dupatta","completed"
"ORD-0099-2","riya.khanna.99@gmail.com","2026-02-12","3726","INR","Festive Wear","Embroidered Kurta","completed"
"ORD-0099-3","riya.khanna.99@gmail.com","2026-01-19","3719","INR","Festive Wear","Mirrorwork Co-ord","completed"
"ORD-0099-4","riya.khanna.99@gmail.com","2025-12-31","3748","INR","Festive Wear","Mirrorwork Co-ord","completed"
"ORD-0099-5","riya.khanna.99@gmail.com","2025-12-11","4746","INR","Festive Wear","Mirrorwork Co-ord","completed"
"ORD-0100-1","arjun.kapoor.100@gmail.com","2025-12-03","3564","INR","Denim","Denim Jacket","completed"
"ORD-0100-2","arjun.kapoor.100@gmail.com","2025-11-04","2728","INR","Denim","Denim Jacket","completed"
"ORD-0101-1","arjun.saxena.101@gmail.com","2026-05-22","1152","INR","Summer Dresses","Linen Midi Dress","completed"
"ORD-0102-1","arjun.bose.102@gmail.com","2026-04-22","1728","INR","Accessories","Minimal Belt","completed"
"ORD-0102-2","arjun.bose.102@gmail.com","2026-04-06","1324","INR","Accessories","Minimal Belt","completed"
"ORD-0102-3","arjun.bose.102@gmail.com","2026-03-15","932","INR","Accessories","Gold Hoop Earrings","completed"
"ORD-0102-4","arjun.bose.102@gmail.com","2026-02-14","851","INR","Footwear","White Sneakers","completed"
"ORD-0103-1","arjun.menon.103@gmail.com","2026-02-28","2800","INR","Footwear","Block Heel Sandals","completed"
"ORD-0103-2","arjun.menon.103@gmail.com","2026-02-17","3216","INR","Denim","Straight Fit Jeans","completed"
"ORD-0103-3","arjun.menon.103@gmail.com","2026-01-16","2532","INR","Festive Wear","Embroidered Kurta","completed"
"ORD-0104-1","ishaan.iyer.104@gmail.com","2025-12-02","1440","INR","Footwear","Block Heel Sandals","completed"
"ORD-0105-1","vivaan.khanna.105@gmail.com","2026-05-26","1626","INR","Summer Dresses","Floral Wrap Dress","completed"
"ORD-0105-2","vivaan.khanna.105@gmail.com","2026-04-28","1492","INR","Summer Dresses","Linen Midi Dress","completed"
"ORD-0105-3","vivaan.khanna.105@gmail.com","2026-04-17","1515","INR","Summer Dresses","Linen Midi Dress","completed"
"ORD-0106-1","aarav.khanna.106@gmail.com","2026-04-26","3240","INR","Athleisure","Oversized Hoodie","completed"
"ORD-0106-2","aarav.khanna.106@gmail.com","2026-04-01","6034","INR","Athleisure","Oversized Hoodie","completed"
"ORD-0106-3","aarav.khanna.106@gmail.com","2026-03-10","6337","INR","Athleisure","Oversized Hoodie","completed"
"ORD-0106-4","aarav.khanna.106@gmail.com","2026-02-24","3947","INR","Athleisure","Oversized Hoodie","completed"
"ORD-0106-5","aarav.khanna.106@gmail.com","2026-02-04","3048","INR","Athleisure","Ribbed Joggers","completed"
"ORD-0107-1","tara.nair.107@gmail.com","2026-03-06","1269","INR","Accessories","Canvas Tote","completed"
"ORD-0107-2","tara.nair.107@gmail.com","2026-02-11","1364","INR","Athleisure","Performance Tee","completed"
"ORD-0107-3","tara.nair.107@gmail.com","2026-01-21","937","INR","Accessories","Gold Hoop Earrings","completed"
"ORD-0107-4","tara.nair.107@gmail.com","2026-01-04","1511","INR","Accessories","Minimal Belt","completed"
"ORD-0108-1","vivaan.nair.108@gmail.com","2025-11-26","1369","INR","Accessories","Minimal Belt","completed"
"ORD-0108-2","vivaan.nair.108@gmail.com","2025-11-03","1644","INR","Festive Wear","Silk Dupatta","completed"
"ORD-0109-1","arjun.mehta.109@gmail.com","2026-05-30","2241","INR","Athleisure","Performance Tee","completed"
"ORD-0109-2","arjun.mehta.109@gmail.com","2026-05-03","1725","INR","Athleisure","Oversized Hoodie","completed"
"ORD-0109-3","arjun.mehta.109@gmail.com","2026-04-15","3313","INR","Athleisure","Oversized Hoodie","completed"
"ORD-0109-4","arjun.mehta.109@gmail.com","2026-03-17","1894","INR","Footwear","Block Heel Sandals","completed"
"ORD-0110-1","anaya.saxena.110@gmail.com","2026-04-20","1151","INR","Summer Dresses","Floral Wrap Dress","completed"
"ORD-0110-2","anaya.saxena.110@gmail.com","2026-03-30","1394","INR","Accessories","Minimal Belt","returned"
"ORD-0110-3","anaya.saxena.110@gmail.com","2026-03-16","1456","INR","Festive Wear","Embroidered Kurta","completed"
"ORD-0110-4","anaya.saxena.110@gmail.com","2026-02-25","1542","INR","Summer Dresses","Floral Wrap Dress","completed"
"ORD-0111-1","anaya.nair.111@gmail.com","2026-02-28","1114","INR","Footwear","Kolhapuri Flats","completed"
"ORD-0112-1","ishaan.bose.112@gmail.com","2025-12-04","3344","INR","Footwear","Block Heel Sandals","completed"
"ORD-0112-2","ishaan.bose.112@gmail.com","2025-11-10","1958","INR","Athleisure","Oversized Hoodie","completed"
"ORD-0112-3","ishaan.bose.112@gmail.com","2025-10-23","3669","INR","Athleisure","Oversized Hoodie","completed"
"ORD-0113-1","vivaan.iyer.113@gmail.com","2026-05-29","6688","INR","Summer Dresses","Cotton Sundress","completed"
"ORD-0113-2","vivaan.iyer.113@gmail.com","2026-05-06","5617","INR","Footwear","White Sneakers","completed"
"ORD-0113-3","vivaan.iyer.113@gmail.com","2026-04-15","3687","INR","Footwear","Kolhapuri Flats","completed"
"ORD-0113-4","vivaan.iyer.113@gmail.com","2026-03-24","5003","INR","Footwear","White Sneakers","completed"
"ORD-0113-5","vivaan.iyer.113@gmail.com","2026-03-03","5172","INR","Footwear","White Sneakers","completed"
"ORD-0113-6","vivaan.iyer.113@gmail.com","2026-02-04","5760","INR","Festive Wear","Embroidered Kurta","completed"
"ORD-0114-1","dev.iyer.114@gmail.com","2026-04-20","996","INR","Festive Wear","Embroidered Kurta","completed"
"ORD-0115-1","aarav.rao.115@gmail.com","2026-03-04","2695","INR","Accessories","Gold Hoop Earrings","completed"
"ORD-0115-2","aarav.rao.115@gmail.com","2026-02-08","3376","INR","Accessories","Minimal Belt","completed"
"ORD-0115-3","aarav.rao.115@gmail.com","2026-01-17","2894","INR","Accessories","Gold Hoop Earrings","completed"
"ORD-0116-1","nisha.menon.116@gmail.com","2025-12-02","1158","INR","Festive Wear","Silk Dupatta","completed"
"ORD-0117-1","riya.saxena.117@gmail.com","2026-05-27","1819","INR","Footwear","Block Heel Sandals","completed"
"ORD-0117-2","riya.saxena.117@gmail.com","2026-05-07","895","INR","Footwear","White Sneakers","completed"
"ORD-0117-3","riya.saxena.117@gmail.com","2026-04-14","1265","INR","Footwear","Kolhapuri Flats","completed"
"ORD-0117-4","riya.saxena.117@gmail.com","2026-03-20","1830","INR","Summer Dresses","Cotton Sundress","completed"
"ORD-0118-1","riya.menon.118@gmail.com","2026-04-20","3513","INR","Denim","Straight Fit Jeans","completed"
"ORD-0119-1","nisha.khanna.119@gmail.com","2026-03-09","1051","INR","Festive Wear","Silk Dupatta","completed"
"ORD-0120-1","vivaan.mehta.120@gmail.com","2025-12-01","4285","INR","Summer Dresses","Linen Midi Dress","completed"
"ORD-0120-2","vivaan.mehta.120@gmail.com","2025-11-03","4052","INR","Festive Wear","Embroidered Kurta","completed"
"ORD-0120-3","vivaan.mehta.120@gmail.com","2025-10-19","3677","INR","Athleisure","Performance Tee","completed"
"ORD-0120-4","vivaan.mehta.120@gmail.com","2025-09-28","3077","INR","Accessories","Gold Hoop Earrings","completed"
"ORD-0120-5","vivaan.mehta.120@gmail.com","2025-09-07","6604","INR","Summer Dresses","Linen Midi Dress","completed"
"ORD-0120-6","vivaan.mehta.120@gmail.com","2025-08-18","5459","INR","Summer Dresses","Floral Wrap Dress","completed"
"ORD-0120-7","vivaan.mehta.120@gmail.com","2025-07-24","3549","INR","Summer Dresses","Linen Midi Dress","completed"
"ORD-0121-1","avni.kapoor.121@gmail.com","2026-04-18","2136","INR","Summer Dresses","Cotton Sundress","completed"
"ORD-0121-2","avni.kapoor.121@gmail.com","2026-04-09","2400","INR","Festive Wear","Embroidered Kurta","completed"
"ORD-0121-3","avni.kapoor.121@gmail.com","2026-03-31","2664","INR","Footwear","White Sneakers","completed"
"ORD-0122-1","reyansh.iyer.122@gmail.com","2026-04-17","1157","INR","Denim","High-Rise Jeans","completed"
"ORD-0122-2","reyansh.iyer.122@gmail.com","2026-04-08","1300","INR","Footwear","White Sneakers","completed"
"ORD-0123-1","kiara.mehta.123@gmail.com","2026-04-16","4094","INR","Accessories","Minimal Belt","completed"
"ORD-0123-2","kiara.mehta.123@gmail.com","2026-04-07","4600","INR","Accessories","Gold Hoop Earrings","completed"
"ORD-0123-3","kiara.mehta.123@gmail.com","2026-03-29","5106","INR","Summer Dresses","Linen Midi Dress","completed"
"ORD-0123-4","kiara.mehta.123@gmail.com","2026-03-20","5612","INR","Denim","Denim Jacket","completed"
"ORD-0124-1","aditya.rao.124@gmail.com","2026-04-15","2136","INR","Athleisure","Performance Tee","completed"
"ORD-0124-2","aditya.rao.124@gmail.com","2026-04-06","2400","INR","Summer Dresses","Linen Midi Dress","completed"
"ORD-0124-3","aditya.rao.124@gmail.com","2026-03-28","2664","INR","Denim","Denim Jacket","completed"
"ORD-0125-1","sara.nair.125@gmail.com","2026-04-14","4094","INR","Festive Wear","Embroidered Kurta","completed"
"ORD-0125-2","sara.nair.125@gmail.com","2026-04-05","4600","INR","Denim","Denim Jacket","completed"
"ORD-0125-3","sara.nair.125@gmail.com","2026-03-27","5106","INR","Athleisure","Performance Tee","completed"
"ORD-0125-4","sara.nair.125@gmail.com","2026-03-18","5612","INR","Festive Wear","Embroidered Kurta","completed"
"ORD-0126-1","vihaan.bose.126@gmail.com","2026-04-13","1157","INR","Footwear","White Sneakers","completed"
"ORD-0126-2","vihaan.bose.126@gmail.com","2026-04-04","1300","INR","Athleisure","Performance Tee","completed"
"ORD-0127-1","myra.khanna.127@gmail.com","2026-04-12","2136","INR","Summer Dresses","Cotton Sundress","completed"
"ORD-0127-2","myra.khanna.127@gmail.com","2026-04-03","2400","INR","Festive Wear","Embroidered Kurta","completed"
"ORD-0127-3","myra.khanna.127@gmail.com","2026-03-25","2664","INR","Footwear","White Sneakers","completed"
"ORD-0128-1","neil.menon.128@gmail.com","2026-04-11","1157","INR","Denim","High-Rise Jeans","completed"
"ORD-0128-2","neil.menon.128@gmail.com","2026-04-02","1300","INR","Footwear","White Sneakers","completed"
"ORD-0129-1","anika.saxena.129@gmail.com","2026-04-10","2136","INR","Accessories","Minimal Belt","completed"
"ORD-0129-2","anika.saxena.129@gmail.com","2026-04-01","2400","INR","Accessories","Gold Hoop Earrings","completed"
"ORD-0129-3","anika.saxena.129@gmail.com","2026-03-23","2664","INR","Summer Dresses","Linen Midi Dress","completed"
"ORD-0130-1","yuvraj.sharma.130@gmail.com","2026-04-09","4094","INR","Athleisure","Performance Tee","completed"
"ORD-0130-2","yuvraj.sharma.130@gmail.com","2026-03-31","4600","INR","Summer Dresses","Linen Midi Dress","completed"
"ORD-0130-3","yuvraj.sharma.130@gmail.com","2026-03-22","5106","INR","Denim","Denim Jacket","completed"
"ORD-0130-4","yuvraj.sharma.130@gmail.com","2026-03-13","5612","INR","Athleisure","Performance Tee","completed"
"ORD-0131-1","ira.kapoor.131@gmail.com","2026-04-08","2136","INR","Festive Wear","Embroidered Kurta","completed"
"ORD-0131-2","ira.kapoor.131@gmail.com","2026-03-30","2400","INR","Denim","Denim Jacket","completed"
"ORD-0131-3","ira.kapoor.131@gmail.com","2026-03-21","2664","INR","Athleisure","Performance Tee","completed"
"ORD-0132-1","arnav.iyer.132@gmail.com","2026-04-07","1157","INR","Footwear","White Sneakers","completed"
"ORD-0132-2","arnav.iyer.132@gmail.com","2026-03-29","1300","INR","Athleisure","Performance Tee","completed"
"ORD-0133-1","tanya.mehta.133@gmail.com","2026-04-06","4094","INR","Summer Dresses","Cotton Sundress","completed"
"ORD-0133-2","tanya.mehta.133@gmail.com","2026-03-28","4600","INR","Festive Wear","Embroidered Kurta","completed"
"ORD-0133-3","tanya.mehta.133@gmail.com","2026-03-19","5106","INR","Footwear","White Sneakers","completed"
"ORD-0133-4","tanya.mehta.133@gmail.com","2026-03-10","5612","INR","Accessories","Gold Hoop Earrings","completed"
"ORD-0134-1","rudra.rao.134@gmail.com","2026-04-05","2136","INR","Denim","High-Rise Jeans","completed"
"ORD-0134-2","rudra.rao.134@gmail.com","2026-03-27","2400","INR","Footwear","White Sneakers","completed"
"ORD-0134-3","rudra.rao.134@gmail.com","2026-03-18","2664","INR","Accessories","Gold Hoop Earrings","completed"
"ORD-0135-1","navya.nair.135@gmail.com","2026-04-04","1157","INR","Accessories","Minimal Belt","completed"
"ORD-0135-2","navya.nair.135@gmail.com","2026-03-26","1300","INR","Accessories","Gold Hoop Earrings","completed"
"ORD-0136-1","kabir.bose.136@gmail.com","2026-04-03","2136","INR","Athleisure","Performance Tee","completed"
"ORD-0136-2","kabir.bose.136@gmail.com","2026-03-25","2400","INR","Summer Dresses","Linen Midi Dress","completed"
"ORD-0136-3","kabir.bose.136@gmail.com","2026-03-16","2664","INR","Denim","Denim Jacket","completed"
"ORD-0137-1","pihu.khanna.137@gmail.com","2026-04-02","4094","INR","Festive Wear","Embroidered Kurta","completed"
"ORD-0137-2","pihu.khanna.137@gmail.com","2026-03-24","4600","INR","Denim","Denim Jacket","completed"
"ORD-0137-3","pihu.khanna.137@gmail.com","2026-03-15","5106","INR","Athleisure","Performance Tee","completed"
"ORD-0137-4","pihu.khanna.137@gmail.com","2026-03-06","5612","INR","Festive Wear","Embroidered Kurta","completed"
"ORD-0138-1","ahaan.menon.138@gmail.com","2026-04-01","1157","INR","Footwear","White Sneakers","completed"
"ORD-0138-2","ahaan.menon.138@gmail.com","2026-03-23","1300","INR","Athleisure","Performance Tee","completed"
"ORD-0139-1","saanvi.saxena.139@gmail.com","2026-03-31","2136","INR","Summer Dresses","Cotton Sundress","completed"
"ORD-0139-2","saanvi.saxena.139@gmail.com","2026-03-22","2400","INR","Festive Wear","Embroidered Kurta","completed"
"ORD-0139-3","saanvi.saxena.139@gmail.com","2026-03-13","2664","INR","Footwear","White Sneakers","completed"
"ORD-0140-1","dhruv.sharma.140@gmail.com","2026-03-30","4094","INR","Denim","High-Rise Jeans","completed"
"ORD-0140-2","dhruv.sharma.140@gmail.com","2026-03-21","4600","INR","Footwear","White Sneakers","completed"
"ORD-0140-3","dhruv.sharma.140@gmail.com","2026-03-12","5106","INR","Accessories","Gold Hoop Earrings","completed"
"ORD-0140-4","dhruv.sharma.140@gmail.com","2026-03-03","5612","INR","Summer Dresses","Linen Midi Dress","completed"
"ORD-0141-1","misha.kapoor.141@gmail.com","2026-03-29","2136","INR","Accessories","Minimal Belt","completed"
"ORD-0141-2","misha.kapoor.141@gmail.com","2026-03-20","2400","INR","Accessories","Gold Hoop Earrings","completed"
"ORD-0141-3","misha.kapoor.141@gmail.com","2026-03-11","2664","INR","Summer Dresses","Linen Midi Dress","completed"
"ORD-0142-1","shaurya.iyer.142@gmail.com","2026-03-28","1157","INR","Athleisure","Performance Tee","completed"
"ORD-0142-2","shaurya.iyer.142@gmail.com","2026-03-19","1300","INR","Summer Dresses","Linen Midi Dress","completed"
"ORD-0143-1","prisha.mehta.143@gmail.com","2026-03-27","4094","INR","Festive Wear","Embroidered Kurta","completed"
"ORD-0143-2","prisha.mehta.143@gmail.com","2026-03-18","4600","INR","Denim","Denim Jacket","completed"
"ORD-0143-3","prisha.mehta.143@gmail.com","2026-03-09","5106","INR","Athleisure","Performance Tee","completed"
"ORD-0143-4","prisha.mehta.143@gmail.com","2026-02-28","5612","INR","Festive Wear","Embroidered Kurta","completed"
"ORD-0144-1","viraj.rao.144@gmail.com","2026-03-26","2136","INR","Footwear","White Sneakers","completed"
"ORD-0144-2","viraj.rao.144@gmail.com","2026-03-17","2400","INR","Athleisure","Performance Tee","completed"
"ORD-0144-3","viraj.rao.144@gmail.com","2026-03-08","2664","INR","Festive Wear","Embroidered Kurta","completed"
"ORD-0145-1","aarohi.nair.145@gmail.com","2026-03-25","1157","INR","Summer Dresses","Cotton Sundress","completed"
"ORD-0145-2","aarohi.nair.145@gmail.com","2026-03-16","1300","INR","Festive Wear","Embroidered Kurta","completed"
"ORD-0146-1","om.bose.146@gmail.com","2026-03-24","2136","INR","Denim","High-Rise Jeans","completed"
"ORD-0146-2","om.bose.146@gmail.com","2026-03-15","2400","INR","Footwear","White Sneakers","completed"
"ORD-0146-3","om.bose.146@gmail.com","2026-03-06","2664","INR","Accessories","Gold Hoop Earrings","completed"
"ORD-0147-1","siya.khanna.147@gmail.com","2026-03-23","4094","INR","Accessories","Minimal Belt","completed"
"ORD-0147-2","siya.khanna.147@gmail.com","2026-03-14","4600","INR","Accessories","Gold Hoop Earrings","completed"
"ORD-0147-3","siya.khanna.147@gmail.com","2026-03-05","5106","INR","Summer Dresses","Linen Midi Dress","completed"
"ORD-0147-4","siya.khanna.147@gmail.com","2026-05-25","5612","INR","Denim","Denim Jacket","completed"
"ORD-0148-1","riaan.menon.148@gmail.com","2026-03-22","1157","INR","Athleisure","Performance Tee","completed"
"ORD-0148-2","riaan.menon.148@gmail.com","2026-03-13","1300","INR","Summer Dresses","Linen Midi Dress","completed"
"ORD-0149-1","amaira.saxena.149@gmail.com","2026-03-21","2136","INR","Festive Wear","Embroidered Kurta","completed"
"ORD-0149-2","amaira.saxena.149@gmail.com","2026-03-12","2400","INR","Denim","Denim Jacket","completed"
"ORD-0149-3","amaira.saxena.149@gmail.com","2026-03-03","2664","INR","Athleisure","Performance Tee","completed"
"ORD-0150-1","laksh.sharma.150@gmail.com","2026-03-20","4094","INR","Footwear","White Sneakers","completed"
"ORD-0150-2","laksh.sharma.150@gmail.com","2026-03-11","4600","INR","Athleisure","Performance Tee","completed"
"ORD-0150-3","laksh.sharma.150@gmail.com","2026-03-02","5106","INR","Festive Wear","Embroidered Kurta","completed"
"ORD-0150-4","laksh.sharma.150@gmail.com","2026-05-22","5612","INR","Footwear","White Sneakers","completed"